title,info
WEB DESIGNER,Web design encompasses many different skills and disciplines in the production and maintenance of websites. The different areas of web design include web graphic design; user interface design ; author…
FRONT END DEVELOPER,"Front-end web development is the development of the graphical user interface of a website, through the use of HTML, CSS, and JavaScript, so that users can view and interact with that website."
GRAPHIC DESIGNER,"A graphic designer is a professional within the graphic design and graphic arts industry who assembles together images, typography, or motion graphics to create a piece of design. A graphic designer c…"
.NET DEVELOPER,".NET is a free and open-source, managed computer software framework for Windows, Linux, and macOS operating systems. It is a cross-platform successor to.NET Framework. The project is mainly developed …"
CYBER SECURITY,"Computer security, cybersecurity, digital security or information technology security is the protection of computer systems and networks from attack by malicious actors that may result in unau…"
MAINFRAME DEVELOPER,"A mainframe computer, informally called a mainframe or big iron, is a computer used primarily by large organizations for critical applications like bulk data processing for tasks such as censuses, ind…"
WEB DEVELOPER,"A web developer is a programmer who develops World Wide Web applications using a client–server model. The applications typically use HTML, CSS, and JavaScript in the client, and any general-p…"
SALESFORCE DEVELOPER,"Salesforce, Inc. is an American cloud-based software company headquartered in San Francisco, California. It provides customer relationship management software and applications focused on sales, custom…"
SOFTWARE ARCHITECT,A software architect is a software engineer responsible for high-level design choices related to overall system structure and behavior.
JAVASCRIPT DEVELOPER,"JavaScript, often abbreviated as JS, is a programming language that is one of the core technologies of the World Wide Web, alongside HTML and CSS. As of 2022, 98% of websites use JavaScript o…"
GUI DEVELOPER,"The GUI, or graphical user interface, is a form of user interface that allows users to interact with electronic devices through graphical icons and audio indicator such as primary notation, instead of…"
FULL STACK DEVELOPER,"In computing, a solution stack or software stack is a set of software subsystems or components needed to create a complete platform such that no additional software is needed to support applications. …"
ANGULAR JS DEVELOPER,"Angular is a TypeScript-based, free and open-source web application framework led by the Angular Team at Google and by a community of individuals and corporations. Angular is a complete rewrite from t…"
UI/UX DEVELOPER,"User experience design is the process of defining the experience a user would go through when interacting with a company, its services, and its products. Design decisions in UX design are often driven…"
WORDPRESS DEVELOPER,WordPress is a free and open-source content management system written in hypertext preprocessor language and paired with a MySQL or MariaDB database with supported HTTPS. Features include a plugin arc…
